source,destination,distance
Delhi,Jaipur,280
Delhi,Agra,230
Delhi,Lucknow,555
Delhi,Chandigarh,245
Delhi,Dehradun,250
Jaipur,Agra,240
Jaipur,Ahmedabad,660
Jaipur,Indore,600
Agra,Lucknow,330
Agra,Kanpur,290
Lucknow,Kanpur,90
Lucknow,Varanasi,320
Lucknow,Patna,530
Ahmedabad,Indore,400
Ahmedabad,Mumbai,530
Indore,Bhopal,190
Indore,Nagpur,410
Bhopal,Nagpur,350
Nagpur,Hyderabad,500
Mumbai,Pune,150
Mumbai,Goa,590
Pune,Hyderabad,560
Pune,Goa,450
Goa,Bengaluru,560
Hyderabad,Bengaluru,570
Hyderabad,Vijayawada,275
Hyderabad,Chennai,630
Vijayawada,Chennai,450
Vijayawada,Visakhapatnam,350
Visakhapatnam,Bhubaneswar,445
Bengaluru,Chennai,350
Bengaluru,Mysuru,145
Bengaluru,Coimbatore,365
Bengaluru,Kochi,550
Chennai,Coimbatore,500
Chennai,Madurai,460
Coimbatore,Kochi,190
Kolkata,Bhubaneswar,440
Kolkata,Patna,590
Patna,Varanasi,250
Varanasi,Prayagraj,125
Prayagraj,Kanpur,200
Raipur,Nagpur,290
Raipur,Bhubaneswar,550
Jabalpur,Nagpur,270
Jabalpur,Bhopal,300
